<?xml version="1.0"?>
<doc>
    <assembly>
        <name>SpaceEngineers.ObjectBuilders</name>
    </assembly>
    <members>
        <member name="F:Sandbox.Common.ObjectBuilders.Definitions.MyObjectBuilder_AdvancedDoorDefinition.Opening.MaxOpen">
            <summary>
            For Sliding Parts = value in meter
            For Rotating Parts = value in Degrees
            </summary>
        </member>
        <member name="F:Sandbox.Common.ObjectBuilders.Definitions.MyObjectBuilder_AdvancedDoorDefinition.Opening.PivotPosition">
            <summary>
            override the Pivot/Hinge for this opening
            will be read from Model if not defined
            </summary>
        </member>
        <member name="F:Sandbox.Common.ObjectBuilders.Definitions.MyObjectBuilder_AdvancedDoorDefinition.SubpartDefinition.Name">
            <summary>
            Name of the Subpart Model without extension i.e.:
            "DoorLeft" will be "path/to/model/DoorLeft.mwm"
            </summary>
        </member>
        <member name="F:Sandbox.Common.ObjectBuilders.Definitions.MyObjectBuilder_AdvancedDoorDefinition.SubpartDefinition.PivotPosition">
            <summary>
            define the Pivot/Hinge position for this Subpart
            will be read from Model if not defined
            </summary>
        </member>
        <member name="F:Sandbox.Common.ObjectBuilders.Definitions.MyObjectBuilder_AutopilotComponentDefinition.CourseCorrectionMaxDistanceSmallGrid">
            <summary>
            Distance from direct line between two waypoints, at which will the autopilot try to correct with CourseCorrectionMaxThrust% thrust. Small grid only setting
            </summary>
        </member>
        <member name="F:Sandbox.Common.ObjectBuilders.Definitions.MyObjectBuilder_AutopilotComponentDefinition.CourseCorrectionMaxDistanceLargeGrid">
            <summary>
            Distance from direct line between two waypoints, at which will the autopilot try to correct with CourseCorrectionMaxThrust% thrust. Large grid only setting
            </summary>
        </member>
        <member name="F:Sandbox.Common.ObjectBuilders.Definitions.MyObjectBuilder_AutopilotComponentDefinition.CourseCorrectionMaxThrustPercentage">
            <summary>
            Max percentage of thrust dedicated to correcting course toward nearest point on direct line between two traveled points
            </summary>
        </member>
        <member name="F:Sandbox.Common.ObjectBuilders.Definitions.MyObjectBuilder_AutopilotComponentDefinition.CourseCorrectionMaxRemainingRotationBeforeThrust">
            <summary>
            Max angle in radians between vectors 'Grid.Forward' and 'NextWaypoint.Forward' or 'Grid.Position - NextWaypoint.Position' when going toward first waypoint before starting thrust
            </summary>
        </member>
        <member name="F:Sandbox.Common.ObjectBuilders.Definitions.MyObjectBuilder_AutopilotComponentDefinition.CourseCorrectionMaxRemainingRotationBeforeThrustInPrecisionMode">
            <summary>
            Max angle in radians between vectors 'Grid.Forward' and 
            'NextWaypoint.Forward' or 'Grid.Position - NextWaypoint.Position' when going toward first waypoint
            before starting thrust. In Precision mode
            </summary>
        </member>
        <member name="F:Sandbox.Common.ObjectBuilders.Definitions.MyObjectBuilder_AutopilotComponentDefinition.CourseCorrectionMaxDistanceInPrecisionModeGridSizeMultiple">
            <summary>
            Distance from direct line between two waypoints (in multiples of gridSize), at which will the autopilot try to correct with 
            CourseCorrectionMaxThrust% thrust in precision mode
            </summary>
        </member>
        <member name="F:Sandbox.Common.ObjectBuilders.Definitions.MyObjectBuilder_AutopilotComponentDefinition.RotationDeadzone">
            <summary>
            How many radians remaining to be considered fully rotated
            </summary>
        </member>
        <member name="F:Sandbox.Common.ObjectBuilders.Definitions.MyObjectBuilder_AutopilotComponentDefinition.RotationDeadzoneAdaptiveSpeed">
            <summary>
            How many radians remaining to be considered fully rotated. For adaptive speed waypoints
            </summary>
        </member>
        <member name="F:Sandbox.Common.ObjectBuilders.Definitions.MyObjectBuilder_AutopilotComponentDefinition.MinRotationSpeed">
            <summary>
            Minimum rotation speed (vanila was about 0.05)
            </summary>
        </member>
        <member name="F:Sandbox.Common.ObjectBuilders.Definitions.MyObjectBuilder_AutopilotComponentDefinition.MaxRotationSpeed">
            <summary>
            Minimum rotation speed (vanila was about 1.8)
            </summary>
        </member>
        <member name="F:Sandbox.Common.ObjectBuilders.Definitions.MyObjectBuilder_AutopilotComponentDefinition.MinRotationSpeedThresholdRadians">
            <summary>
            Under this value rotation speed will always be MinRotationSpeed (vanila was 0)
            </summary>
        </member>
        <member name="F:Sandbox.Common.ObjectBuilders.Definitions.MyObjectBuilder_AutopilotComponentDefinition.MaxRotationSpeedTresholdRadians">
            <summary>
            Above this value rotation speed will always be MaxRotationSpeed (vanila was infinite)
            </summary>
        </member>
        <member name="F:Sandbox.Common.ObjectBuilders.Definitions.MyObjectBuilder_AutopilotComponentDefinition.PrecisionModeRotationVelocitySlowFactor">
            <summary>
            Rotation velocity in precision mode is divided by this value 
            </summary>
        </member>
        <member name="F:Sandbox.Common.ObjectBuilders.Definitions.MyObjectBuilder_AutopilotComponentDefinition.RotationVelocitySlowFactorAutomaticBehavior">
            <summary>
            Rotation velocity is divided by this value 
            </summary>
        </member>
        <member name="F:Sandbox.Common.ObjectBuilders.Definitions.MyObjectBuilder_AutopilotComponentDefinition.RotationVelocitySlowFactorAutomaticBehaviorTreshold">
            <summary>
            Treshold under which grids with AutomaticBehavior (like drones) and target,
            will divide their torque by RotationVelocitySlowFactorAutomaticBehavior
            </summary>
        </member>
        <member name="F:Sandbox.Common.ObjectBuilders.Definitions.MyObjectBuilder_AutopilotComponentDefinition.MaxPitchAngleDeg">
            <summary>
            When moving to a waypoint in P-Gravity, the grid may pitch up or down by this angle in degrees
            </summary>
        </member>
        <member name="F:Sandbox.Common.ObjectBuilders.Definitions.MyObjectBuilder_AutopilotComponentDefinition.DefaultPitchAngleDeg">
            <summary>
            Default value of MaxPitchAngle in degrees for newly built block
            </summary>
        </member>
        <member name="F:Sandbox.Common.ObjectBuilders.Definitions.MyObjectBuilder_AutopilotComponentDefinition.MaxRollAngleDeg">
            <summary>
            When moving to a waypoint in P-Gravity, the grid may roll left or right by this angle in degrees
            </summary>
        </member>
        <member name="F:Sandbox.Common.ObjectBuilders.Definitions.MyObjectBuilder_AutopilotComponentDefinition.DefaultRollAngleDeg">
            <summary>
            Default value of MaxRollAngle in degrees for newly built block
            </summary>
        </member>
        <member name="F:Sandbox.Common.ObjectBuilders.Definitions.MyObjectBuilder_OxygenContainerObject.OxygenLevel">
            <summary>
            This is not synced automatically
            Call SyncOxygenContainerLevel on inventory to sync it
            </summary>
        </member>
        <member name="F:Sandbox.Common.ObjectBuilders.Definitions.MyObjectBuilder_ParachuteDefinition.Opening.MaxOpen">
            <summary>
            For Sliding Parts = value in meter
            For Rotating Parts = value in Degrees
            </summary>
        </member>
        <member name="F:Sandbox.Common.ObjectBuilders.Definitions.MyObjectBuilder_ParachuteDefinition.Opening.PivotPosition">
            <summary>
            override the Pivot/Hinge for this opening
            will be read from Model if not defined
            </summary>
        </member>
        <member name="F:Sandbox.Common.ObjectBuilders.Definitions.MyObjectBuilder_ParachuteDefinition.SubpartDefinition.Name">
            <summary>
            Name of the Subpart Model without extension i.e.:
            "DoorLeft" will be "path/to/model/DoorLeft.mwm"
            </summary>
        </member>
        <member name="F:Sandbox.Common.ObjectBuilders.Definitions.MyObjectBuilder_ParachuteDefinition.SubpartDefinition.PivotPosition">
            <summary>
            define the Pivot/Hinge position for this Subpart
            will be read from Model if not defined
            </summary>
        </member>
        <member name="F:Sandbox.Common.ObjectBuilders.MyObjectBuilder_AutopilotComponent.Coords">
            <summary>
            Obsolete. Use Waypoints instead.
            </summary>
        </member>
        <member name="F:Sandbox.Common.ObjectBuilders.MyObjectBuilder_AutopilotComponent.Names">
            <summary>
            Obsolete. Use Waypoints instead.
            </summary>
        </member>
        <member name="F:Sandbox.Common.ObjectBuilders.MyObjectBuilder_AutopilotComponent.AutoPilotToolbar">
            <summary>
            Obsolete. Use Waypoints instead.
            </summary>
        </member>
        <member name="P:Sandbox.Common.ObjectBuilders.MyObjectBuilder_ProductionBlock.Inventory">
            <summary>
            Don't use. Backward compatibility only. Use InputInventory and OutputInventory instead.
            </summary>
        </member>
        <member name="F:Sandbox.Common.ObjectBuilders.MyObjectBuilder_RemoteControl.Coords">
            <summary>
            Obsolete. Use Waypoints instead.
            </summary>
        </member>
        <member name="F:Sandbox.Common.ObjectBuilders.MyObjectBuilder_RemoteControl.Names">
            <summary>
            Obsolete. Use Waypoints instead.
            </summary>
        </member>
        <member name="F:Sandbox.Common.ObjectBuilders.MyObjectBuilder_RemoteControl.AutoPilotToolbar">
            <summary>
            Obsolete. Use Waypoints instead.
            </summary>
        </member>
        <member name="F:Sandbox.Common.ObjectBuilders.MyObjectBuilder_ShipConnector.Connected">
            <summary>
            When ConnectedEntityId is not null, this tells whether the connection is only approach (yellow) or locked connection (green)
            </summary>
        </member>
        <member name="F:Sandbox.Common.ObjectBuilders.MyObjectBuilder_ShipConnector.MasterToSlaveTransform">
            <summary>
            Master is connector with higher EntityId
            </summary>
        </member>
        <member name="F:ObjectBuilders.Definitions.SafeZone.MyObjectBuilder_SafeZoneBlockDefinition.MaxSafeZoneRadius">
            <summary>
            Max radius of safe zone.
            </summary>
        </member>
        <member name="F:ObjectBuilders.Definitions.SafeZone.MyObjectBuilder_SafeZoneBlockDefinition.MinSafeZoneRadius">
            <summary>
            Min radius of safe zone.
            </summary>
        </member>
        <member name="F:ObjectBuilders.Definitions.SafeZone.MyObjectBuilder_SafeZoneBlockDefinition.DefaultSafeZoneRadius">
            <summary>
            Default safe zone radius.
            </summary>
        </member>
        <member name="F:ObjectBuilders.Definitions.SafeZone.MyObjectBuilder_SafeZoneBlockDefinition.MaxSafeZonePowerDrainkW">
            <summary>
            Power drain in kilowatt.
            </summary>
        </member>
        <member name="F:ObjectBuilders.Definitions.SafeZone.MyObjectBuilder_SafeZoneBlockDefinition.SafeZoneActivationTimeS">
            <summary>
            Time of activation of a safezone
            </summary>
        </member>
        <member name="F:ObjectBuilders.Definitions.SafeZone.MyObjectBuilder_SafeZoneBlockDefinition.SafeZoneUpkeep">
            <summary>
            Zone chips per upkeep
            </summary>
        </member>
        <member name="F:ObjectBuilders.Definitions.SafeZone.MyObjectBuilder_SafeZoneBlockDefinition.SafeZoneUpkeepTimeM">
            <summary>
            Time of the upkeep (when upkeep occures)
            </summary>
        </member>
    </members>
</doc>
